AssaySheet,AssayName,PFile,PartCatNo,SampleTypeCode,SampleTypeName,SampleTypeSize,PartCatNo_SampleType,ExpectedResult,MaxPressureLimit
C.DIFF,Xpert C.difficile BT,P0686,GXCDIFFBTCE10,0,First 10,10,GXCDIFFBTCE100,Toxigenic C.diff NEG;Binary Toxin NEG;027 NEG,
C.DIFF,Xpert C.difficile BT,P0686,GXCDIFFBTCE10,1,,100,GXCDIFFBTCE101,Toxigenic C.diff POS;Binary Toxin POS;027 PRESUMPTIVE POS,
C.DIFF,Xpert C.diff-Epi,P0370,GXCDIFFEPI10,0,First 10,10,GXCDIFFEPI100,Toxigenic C.diff NEGATIVE;027 PRESUMPTIVE NEGATIVE,
C.DIFF,Xpert C.diff-Epi,P0370,GXCDIFFEPI10,1,,100,GXCDIFFEPI101,Toxigenic C.diff POSITIVE;027 PRESUMPTIVE POSITIVE,
C.DIFF,Xpert C.diff-Epi,P0370,GXCDIFFEPI120,0,First 10,10,GXCDIFFEPI1200,Toxigenic C.diff NEGATIVE;027 PRESUMPTIVE NEGATIVE,
C.DIFF,Xpert C.diff-Epi,P0370,GXCDIFFEPI120,1,,100,GXCDIFFEPI1201,Toxigenic C.diff POSITIVE;027 PRESUMPTIVE POSITIVE,
C.DIFF,Xpert-C. difficile G2,P0303,GXCDIFFICILE10,0,First 10,10,GXCDIFFICILE100,Toxigenic C.diff NEGATIVE,
C.DIFF,Xpert-C. difficile G2,P0303,GXCDIFFICILE10,1,,100,GXCDIFFICILE101,Toxigenic C.diff POSITIVE,
C.DIFF,Xpert-C. difficile G2,P0303,GXCDIFFICILE120,0,First 10,10,GXCDIFFICILE1200,Toxigenic C.diff NEGATIVE,
C.DIFF,Xpert-C. difficile G2,P0303,GXCDIFFICILE120,1,,100,GXCDIFFICILE1201,Toxigenic C.diff POSITIVE,
C.DIFF,Xpert C.difficile G3,P0366,GXCDIFFICILECE10,0,First 10,10,GXCDIFFICILECE100,Toxigenic C.diff NEGATIVE;027 PRESUMPTIVE NEG,
C.DIFF,Xpert C.difficile G3,P0366,GXCDIFFICILECE10,1,,100,GXCDIFFICILECE101,Toxigenic C.diff POSITIVE;027 PRESUMPTIVE POS,
C.DIFF,Xpert C.difficile G3,P0366,GXCDIFFICILECN10,0,First 10,10,GXCDIFFICILECN100,Toxigenic C.diff NEGATIVE;027 PRESUMPTIVE NEG,
C.DIFF,Xpert C.difficile G3,P0366,GXCDIFFICILECN10,1,,100,GXCDIFFICILECE101,Toxigenic C.diff POSITIVE;027 PRESUMPTIVE POS,
CD.FIFF JP,Xpert C.difficile G3,P0366,GXCDIFF-JP-10,0,Negative,100,GXCDIFF-JP-10 0,Toxigenic C.diff NEGATIVE;027 PRESUMPTIVE NEG,
CD.FIFF JP,Xpert C.difficile G3,P0366,GXCDIFF-JP-10,1,Medium Positive,70,GXCDIFF-JP-10 1,Toxigenic C.diff POSITIVE;027 PRESUMPTIVE POS,
CD.FIFF JP,Xpert C.difficile G3,P0366,GXCDIFF-JP-10,2,Low Positive,20,GXCDIFF-JP-10 2,Toxigenic C.diff POSITIVE;027 PRESUMPTIVE POS,
CD.FIFF JP,Xpert C.difficile G3,P0366,GXCDIFF-JP-10,3,High Positive,10,GXCDIFF-JP-10 3,Toxigenic C.diff POSITIVE;027 PRESUMPTIVE POS,
CARBA,Xpert_Carba-R,P0714,GXCARBAR10,0,Negative,140,GXCARBAR100,IMP NOT DETECTED;VIM NOT DETECTED;NDM NOT DETECTED;KPC NOT DETECTED;OXA48 NOT DETECTED,
CARBA,Xpert_Carba-R,P0714,GXCARBAR10,1,Low Positive,40,GXCARBAR101,IMP DETECTED;VIM DETECTED;NDM DETECTED;KPC DETECTED;OXA48 DETECTED,
CARBA,Xpert_Carba-R,P0714,GXCARBAR10,2,High Positive,20,GXCARBAR102,IMP DETECTED;VIM DETECTED;NDM DETECTED;KPC DETECTED;OXA48 DETECTED,
CARBA,Xpert Carba-R,P0575,GXCARBARCE10,0,Negative,140,GXCARBARCE100,IMP1 NOT DETECTED;VIM NOT DETECTED;NDM NOT DETECTED;KPC NOT DETECTED;OXA48 NOT DETECTED,
CARBA,Xpert Carba-R,P0575,GXCARBARCE10,1,Low Positive,40,GXCARBARCE101,IMP1 DETECTED;VIM DETECTED;NDM DETECTED;KPC DETECTED;OXA48 DETECTED,
CARBA,Xpert Carba-R,P0575,GXCARBARCE10,2,High Positive,20,GXCARBARCE102,IMP1 DETECTED;VIM DETECTED;NDM DETECTED;KPC DETECTED;OXA48 DETECTED,
CARBA,Xpert Carba-R,P0575,GXCARBARCE120,0,Negative,140,GXCARBARCE1200,IMP1 NOT DETECTED;VIM NOT DETECTED;NDM NOT DETECTED;KPC NOT DETECTED;OXA48 NOT DETECTED,
CARBA,Xpert Carba-R,P0575,GXCARBARCE120,1,Low Positive,40,GXCARBARCE1201,IMP1 DETECTED;VIM DETECTED;NDM DETECTED;KPC DETECTED;OXA48 DETECTED,
CARBA,Xpert Carba-R,P0575,GXCARBARCE120,2,High Positive,20,GXCARBARCE1202,IMP1 DETECTED;VIM DETECTED;NDM DETECTED;KPC DETECTED;OXA48 DETECTED,
CARBA,Xpert_Carba-R,P0714,GXCARBARCN10,0,Negative,140,GXCARBARCN100,IMP NOT DETECTED;VIM NOT DETECTED;NDM NOT DETECTED;KPC NOT DETECTED;OXA48 NOT DETECTED,
CARBA,Xpert_Carba-R,P0714,GXCARBARCN10,1,Low Positive,40,GXCARBARCN101,IMP DETECTED;VIM DETECTED;NDM DETECTED;KPC DETECTED;OXA48 DETECTED,
CARBA,Xpert_Carba-R,P0714,GXCARBARCN10,2,High Positive,20,GXCARBARCN102,IMP DETECTED;VIM DETECTED;NDM DETECTED;KPC DETECTED;OXA48 DETECTED,
CARBA,Xpert_Carba-R,P0714,GXCARBARPCE10,0,Negative,140,GXCARBARPCE100,IMP NOT DETECTED;VIM NOT DETECTED;NDM NOT DETECTED;KPC NOT DETECTED;OXA48 NOT DETECTED,
CARBA,Xpert_Carba-R,P0714,GXCARBARPCE10,1,Low Positive,40,GXCARBARPCE101,IMP DETECTED;VIM DETECTED;NDM DETECTED;KPC DETECTED;OXA48 DETECTED,
CARBA,Xpert_Carba-R,P0714,GXCARBARPCE10,2,High Positive,20,GXCARBARPCE102,IMP DETECTED;VIM DETECTED;NDM DETECTED;KPC DETECTED;OXA48 DETECTED,
CARBA,Xpert_Carba-R,P0714,GXCARBARPCE120,0,Negative,140,GXCARBARPCE1200,IMP NOT DETECTED;VIM NOT DETECTED;NDM NOT DETECTED;KPC NOT DETECTED;OXA48 NOT DETECTED,
CARBA,Xpert_Carba-R,P0714,GXCARBARPCE120,1,Low Positive,40,GXCARBARPCE1201,IMP DETECTED;VIM DETECTED;NDM DETECTED;KPC DETECTED;OXA48 DETECTED,
CARBA,Xpert_Carba-R,P0714,GXCARBARPCE120,2,High Positive,20,GXCARBARPCE1202,IMP DETECTED;VIM DETECTED;NDM DETECTED;KPC DETECTED;OXA48 DETECTED,
CARBA,Xpert_Carba-R,P0714,GXCARBARPGB10,0,Negative,140,GXCARBARPGB100,IMP NOT DETECTED;VIM NOT DETECTED;NDM NOT DETECTED;KPC NOT DETECTED;OXA48 NOT DETECTED,
CARBA,Xpert_Carba-R,P0714,GXCARBARPGB10,1,Low Positive,40,GXCARBARPGB101,IMP DETECTED;VIM DETECTED;NDM DETECTED;KPC DETECTED;OXA48 DETECTED,
CARBA,Xpert_Carba-R,P0714,GXCARBARPGB10,2,High Positive,20,GXCARBARPGB102,IMP DETECTED;VIM DETECTED;NDM DETECTED;KPC DETECTED;OXA48 DETECTED,
CARBA,Xpert_Carba-R,P0714,GXCARBARPGB120,0,Negative,140,GXCARBARPGB1200,IMP NOT DETECTED;VIM NOT DETECTED;NDM NOT DETECTED;KPC NOT DETECTED;OXA48 NOT DETECTED,
CARBA,Xpert_Carba-R,P0714,GXCARBARPGB120,1,Low Positive,40,GXCARBARPGB1201,IMP DETECTED;VIM DETECTED;NDM DETECTED;KPC DETECTED;OXA48 DETECTED,
CARBA,Xpert_Carba-R,P0714,GXCARBARPGB120,2,High Positive,20,GXCARBARPGB1202,IMP DETECTED;VIM DETECTED;NDM DETECTED;KPC DETECTED;OXA48 DETECTED,
CARBA,CARBA-R IUO,P0574,PN9000612,0,Negative,140,PN90006120,IMP1 NOT DETECTED;VIM NOT DETECTED;NDM NOT DETECTED;KPC NOT DETECTED;OXA48 NOT DETECTED,
CARBA,CARBA-R IUO,P0574,PN9000612,1,Low Positive,40,PN90006121,IMP1 DETECTED;VIM DETECTED;NDM DETECTED;KPC DETECTED;OXA48 DETECTED,
CARBA,CARBA-R IUO,P0574,PN9000612,2,High Positive,20,PN90006122,IMP1 DETECTED;VIM DETECTED;NDM DETECTED;KPC DETECTED;OXA48 DETECTED,
CARBA,Carba-R BEU IUO,P0609,PN9000659,0,Negative,140,PN90006590,IMP NOT DETECTED;VIM NOT DETECTED;NDM NOT DETECTED;KPC NOT DETECTED;OXA48 NOT DETECTED,
CARBA,Carba-R BEU IUO,P0609,PN9000659,1,Low Positive,40,PN90006591,IMP DETECTED;VIM DETECTED;NDM DETECTED;KPC DETECTED;OXA48 DETECTED,
CARBA,Carba-R BEU IUO,P0609,PN9000659,2,High Positive,20,PN90006592,IMP DETECTED;VIM DETECTED;NDM DETECTED;KPC DETECTED;OXA48 DETECTED,
CARBA,CARBA-R RUO,P0569,RCARBAR10,0,Negative,140,RCARBAR100,IMP NOT DETECTED;VIM NOT DETECTED;NDM NOT DETECTED;KPC NOT DETECTED;OXA48 NOT DETECTED,
CARBA,CARBA-R RUO,P0569,RCARBAR10,1,Low Positive,40,RCARBAR101,IMP DETECTED;VIM DETECTED;NDM DETECTED;KPC DETECTED;OXA48 DETECTED,
CARBA,CARBA-R RUO,P0569,RCARBAR10,2,High Positive,20,RCARBAR102,IMP DETECTED;VIM DETECTED;NDM DETECTED;KPC DETECTED;OXA48 DETECTED,
CARBA,Carba-R BEU RUO,P0608,RCARBARBEU10,0,Negative,140,RCARBARBEU100,IMP NOT DETECTED;VIM NOT DETECTED;NDM NOT DETECTED;KPC NOT DETECTED;OXA48 NOT DETECTED,
CARBA,Carba-R BEU RUO,P0608,RCARBARBEU10,1,Low Positive,40,RCARBARBEU101,IMP DETECTED;VIM DETECTED;NDM DETECTED;KPC DETECTED;OXA48 DETECTED,
CARBA,Carba-R BEU RUO,P0608,RCARBARBEU10,2,High Positive,20,RCARBARBEU102,IMP DETECTED;VIM DETECTED;NDM DETECTED;KPC DETECTED;OXA48 DETECTED,
Sars,Xpert Xpress SARS-CoV-2 CE-IVD,P1270,XPRSARSCOV210,0,,100,XPRSARSCOV2100,SARS-CoV-2 NEGATIVE,
Sars,Xpert Xpress SARS-CoV-2 CE-IVD,P1270,XPRSARSCOV210,1,,100,XPRSARSCOV2101,SARS-CoV-2 POSITIVE,
Sars,Xpert Xpress SARS-CoV-2,P0958,XPRSARSCOV2DOD,0,,100,XPRSARSCOV2DOD0,SARS-CoV-2 NEGATIVE,
Sars,Xpert Xpress SARS-CoV-2,P0958,XPRSARSCOV2DOD,1,,100,XPRSARSCOV2DOD1,SARS-CoV-2 POSITIVE,
FLUVID,XP Flu-RSV RUO,P0703,RXPFLURSV10,0,,100,RXPFLURSV100,Flu A NEGATIVE;Flu B NEGATIVE;RSV NEGATIVE,
FLUVID,XP Flu-RSV RUO,P0703,RXPFLURSV10,1,,80,RXPFLURSV101,Flu A POSITIVE;Flu B POSITIVE;RSV POSITIVE,
FLUVID,XP Flu-RSV RUO,P0703,RXPFLURSV10,2,,20,RXPFLURSV101,Flu A POSITIVE;Flu B POSITIVE;RSV POSITIVE,
FLUVID,Xpress Flu IPT_EAT off,P0700,XPRSFLU10,0,,100,XPRSFLU100,Flu A NEGATIVE;Flu B NEGATIVE,
FLUVID,Xpress Flu IPT_EAT off,P0700,XPRSFLU10,1,,80,XPRSFLU100,Flu A POSITIVE;Flu B POSITIVE,
FLUVID,Xpress Flu IPT_EAT off,P0700,XPRSFLU10,2,,20,XPRSFLU100,Flu A POSITIVE;Flu B POSITIVE,
FLUVID,Xpress Flu IPT_EAT off,P0700,XPRSFLU120,0,,100,XPRSFLU100,Flu A NEGATIVE;Flu B NEGATIVE,
FLUVID,Xpress Flu IPT_EAT off,P0700,XPRSFLU120,1,,80,XPRSFLU100,Flu A POSITIVE;Flu B POSITIVE,
FLUVID,Xpress Flu IPT_EAT off,P0700,XPRSFLU120,2,,20,XPRSFLU100,Flu A POSITIVE;Flu B POSITIVE,
FLUVID,Xpert Xpress Flu-RSV,P0846,XPRSFLURSV10,0,,100,XPRSFLURSV100,Flu A NEGATIVE;Flu B NEGATIVE;RSV NEGATIVE,
FLUVID,Xpert Xpress Flu-RSV,P0846,XPRSFLURSV10,1,,80,XPRSFLURSV101,Flu A POSITIVE;Flu B POSITIVE;RSV POSITIVE,
FLUVID,Xpert Xpress Flu-RSV,P0846,XPRSFLURSV10,2,,20,XPRSFLURSV101,Flu A POSITIVE;Flu B POSITIVE;RSV POSITIVE,
FLUVID,Xpert Xpress Flu-RSV,P0846,XPRSFLURSV120,0,,100,XPRSFLURSV100,Flu A NEGATIVE;Flu B NEGATIVE;RSV NEGATIVE,
FLUVID,Xpert Xpress Flu-RSV,P0846,XPRSFLURSV120,1,,80,XPRSFLURSV101,Flu A POSITIVE;Flu B POSITIVE;RSV POSITIVE,
FLUVID,Xpert Xpress Flu-RSV,P0846,XPRSFLURSV120,2,,20,XPRSFLURSV101,Flu A POSITIVE;Flu B POSITIVE;RSV POSITIVE,
FLUVID,Xpert Xpress Flu-RSV,P0846,XPRSFLURSVCE10,0,,100,XPRSFLURSVCE100,Flu A NEGATIVE;Flu B NEGATIVE;RSV NEGATIVE,
FLUVID,Xpert Xpress Flu-RSV,P0846,XPRSFLURSVCE10,1,,80,XPRSFLURSVCE101,Flu A POSITIVE;Flu B POSITIVE;RSV POSITIVE,
FLUVID,Xpert Xpress Flu-RSV,P0846,XPRSFLURSVCE10,2,,20,XPRSFLURSVCE101,Flu A POSITIVE;Flu B POSITIVE;RSV POSITIVE,
FLUVID,Xpert Xpress Flu-RSV,P0846,XPRSFLURSVCE120,0,,100,XPRSFLURSVCE1200,Flu A NEGATIVE;Flu B NEGATIVE;RSV NEGATIVE,
FLUVID,Xpert Xpress Flu-RSV,P0846,XPRSFLURSVCE120,1,,80,XPRSFLURSVCE1201,Flu A POSITIVE;Flu B POSITIVE;RSV POSITIVE,
FLUVID,Xpert Xpress Flu-RSV,P0846,XPRSFLURSVCE120,2,,20,XPRSFLURSVCE1201,Flu A POSITIVE;Flu B POSITIVE;RSV POSITIVE,
FLUVID,Xpert Xpress Flu-RSV,P0846,XPRSFLURSVGB10,0,,100,XPRSFLURSVGB100,Flu A NEGATIVE;Flu B NEGATIVE;RSV NEGATIVE,
FLUVID,Xpert Xpress Flu-RSV,P0846,XPRSFLURSVGB10,1,,80,XPRSFLURSVGB101,Flu A POSITIVE;Flu B POSITIVE;RSV POSITIVE,
FLUVID,Xpert Xpress Flu-RSV,P0846,XPRSFLURSVGB10,2,,20,XPRSFLURSVGB101,Flu A POSITIVE;Flu B POSITIVE;RSV POSITIVE,
FLUVID,Xpert Xpress Flu-RSV,P0846,XPRSFLURSVCN10,0,,100,XPRSFLURSV100,Flu A NEGATIVE;Flu B NEGATIVE;RSV NEGATIVE,
FLUVID,Xpert Xpress Flu-RSV,P0846,XPRSFLURSVCN10,1,,80,XPRSFLURSV101,Flu A POSITIVE;Flu B POSITIVE;RSV POSITIVE,
FLUVID,Xpert Xpress Flu-RSV,P0846,XPRSFLURSVCN10,2,,20,XPRSFLURSV101,Flu A POSITIVE;Flu B POSITIVE;RSV POSITIVE,
Covid plus,LCE009 Xpress SARS-CoV-2 plus,P1138,HACHSARSCOV2,0,,100,HACHSARSCOV20,SARS-CoV-2 NEGATIVE,
Covid plus,LCE009 Xpress SARS-CoV-2 plus,P1138,HACHSARSCOV2,1,,100,HACHSARSCOV21,SARS-CoV-2 POSITIVE,
Covid plus,Xpress CoV-2 plus RUO,P1051,PN9000918,0,,100,PN90009180,SARS-CoV-2 NEGATIVE,
Covid plus,Xpress CoV-2 plus RUO,P1051,PN9000918,1,,100,PN90009181,SARS-CoV-2 POSITIVE,
Covid plus,Xpress CoV-2 plus IUO,P1052,PN9000919,0,,100,PN90009190,SARS-CoV-2 NEGATIVE,
Covid plus,Xpress CoV-2 plus IUO,P1052,PN9000919,1,,100,PN90009191,SARS-CoV-2 POSITIVE,
Covid plus,Xpress CoV-2 plus RUO,P1051,PN9000997,0,,100,PN90009970,SARS-CoV-2 NEGATIVE,
Covid plus,Xpress CoV-2 plus RUO,P1051,PN9000997,1,,100,PN90009971,SARS-CoV-2 POSITIVE,
Covid plus,Xpress CoV-2 plus RUO,P1051,PN9001023,0,,100,PN90010230,SARS-CoV-2 NEGATIVE,
Covid plus,Xpress CoV-2 plus RUO,P1051,PN9001023,1,,100,PN90010231,SARS-CoV-2 POSITIVE,
Covid plus,Xpert Xpress CoV-2 plus,P1053,XP3SARSCOV210,0,,100,XP3SARSCOV2100,SARS-CoV-2 NEGATIVE,
Covid plus,Xpert Xpress CoV-2 plus,P1053,XP3SARSCOV210,1,,100,XP3SARSCOV2101,SARS-CoV-2 POSITIVE,
Covid plus,Xpert Xpress CoV-2 plus IVD,P1153,XP3SARSCOV2GB10,0,,100,XP3SARSCOV2GB100,SARS-CoV-2 NEGATIVE,
Covid plus,Xpert Xpress CoV-2 plus IVD,P1153,XP3SARSCOV2GB10,1,,100,XP3SARSCOV2GB101,SARS-CoV-2 POSITIVE,
Covid plus,Xpert Xpress CoV-2 plus IVD,P1153,XPRSCOV210,0,,100,XPRSCOV2100,SARS-CoV-2 NEGATIVE,
Covid plus,Xpert Xpress CoV-2 plus IVD,P1153,XPRSCOV210,1,,100,XPRSCOV2101,SARS-CoV-2 POSITIVE,
Covid plus,Xpert Xpress CoV-2 plus IVD,P1219,XPRSCOV2CE10,0,,100,XPRSCOV2CE100,SARS-CoV-2 NEGATIVE,
Covid plus,Xpert Xpress CoV-2 plus IVD,P1219,XPRSCOV2CE10,1,,100,XPRSCOV2CE101,SARS-CoV-2 POSITIVE,
EBOLA,Xpert Ebola EUA,P0648,GXEBOLA-10,0,Negative,100,GXEBOLA-100,Ebola GP NOT DETECTED;Ebola NP NOT DETECTED,
EBOLA,Xpert Ebola EUA,P0648,GXEBOLA-10,1,Low Positive,80,GXEBOLA-101,Ebola GP DETECTED;Ebola NP DETECTED,
EBOLA,Xpert Ebola EUA,P0648,GXEBOLA-10,2,High Positive,20,GXEBOLA-102,Ebola GP DETECTED;Ebola NP DETECTED,
EBOLA,Xpert Ebola CE-IVD,P0664,GXEBOLA-CE-10,0,Negative,100,GXEBOLA-CE-100,Ebola GP NOT DETECTED;Ebola NP NOT DETECTED,
EBOLA,Xpert Ebola CE-IVD,P0664,GXEBOLA-CE-10,1,Low Positive,80,GXEBOLA-CE-101,Ebola GP DETECTED;Ebola NP DETECTED,
EBOLA,Xpert Ebola CE-IVD,P0664,GXEBOLA-CE-10,2,High Positive,20,GXEBOLA-CE-102,Ebola GP DETECTED;Ebola NP DETECTED,
EBOLA,Xpert Ebola CE-IVD,P0664,GXEBOLA-CE-50,0,Negative,100,GXEBOLA-CE-500,Ebola GP NOT DETECTED;Ebola NP NOT DETECTED,
EBOLA,Xpert Ebola CE-IVD,P0664,GXEBOLA-CE-50,1,Low Positive,80,GXEBOLA-CE-501,Ebola GP DETECTED;Ebola NP DETECTED,
EBOLA,Xpert Ebola CE-IVD,P0664,GXEBOLA-CE-50,2,High Positive,20,GXEBOLA-CE-502,Ebola GP DETECTED;Ebola NP DETECTED,
EBOLA,Ebola RUO,P0644,REBOLA-50,0,Negative,100,REBOLA-500,Ebola GP NOT DETECTED;Ebola NP NOT DETECTED,
EBOLA,Ebola RUO,P0644,REBOLA-50,1,Low Positive,80,REBOLA-501,Ebola GP DETECTED;Ebola NP DETECTED,
EBOLA,Ebola RUO,P0644,REBOLA-50,2,High Positive,20,REBOLA-502,Ebola GP DETECTED;Ebola NP DETECTED,
GBS,Xpress GBS IUO,P0945,900-0849,0,,100,,GBS NEGATIVE,90.0
GBS,Xpress GBS IUO,P0945,900-0849,1,First 10,10,,GBS POSITIVE,90.0
GBS,Xpress GBS RUO,P0910,900-0850,0,,100,,GBS NEGATIVE,90.0
GBS,Xpress GBS RUO,P0910,900-0850,1,First 10,10,,GBS POSITIVE,90.0
GBS,Xpert Xpress GBS RUO,P1025,RXPRSGBS-10,0,,100,,GBS NEGATIVE,90.0
GBS,Xpert Xpress GBS RUO,P1025,RXPRSGBS-10,1,First 10,10,,GBS POSITIVE,90.0
GBS,Xpert Xpress GBS,P1026,XPRSGBS-CE-10,0,,100,,GBS NEGATIVE,90.0
GBS,Xpert Xpress GBS,P1026,XPRSGBS-CE-10,1,First 10,10,,GBS POSITIVE,90.0
GBS XC,GBS LB RUO,P0911,900-0860,0,,100,,GBS NEGATIVE,
GBS XC,GBS LB RUO,P0911,900-0860,1,First 10,10,,GBS POSITIVE,
GBS XC,GBS LB XC IUO,P0935,900-0868,0,,100,,GBS NEGATIVE,
GBS XC,GBS LB XC IUO,P0935,900-0868,1,First 10,10,,GBS POSITIVE,
GBS XC,GBS LB RUO,P0911,900-0901,0,,100,,GBS NEGATIVE,
GBS XC,GBS LB RUO,P0911,900-0901,1,First 10,10,,GBS POSITIVE,
GBS XC,Xpert GBS LB XC,P0990,GXGBSLBXC-10,0,,100,,GBS NEGATIVE,
GBS XC,Xpert GBS LB XC,P0990,GXGBSLBXC-10,1,First 10,10,,GBS POSITIVE,
GBS XC,Xpert GBS LB XC,P0990,GXGBSLBXC-120,0,,100,,GBS NEGATIVE,
GBS XC,Xpert GBS LB XC,P0990,GXGBSLBXC-120,1,First 10,10,,GBS POSITIVE,
HBV VL,Xpert HBV Viral Load,P0835,GXHBV-VL-CE-10,0,Negative,100,GXHBV-VL-CE-10 0,HBV NOT DETECTED,
HBV VL,Xpert HBV Viral Load,P0835,GXHBV-VL-CE-10,1,Low Positive,80,GXHBV-VL-CE-10 1,HBV DETECTED * IU/mL (log *.*),
HBV VL,Xpert HBV Viral Load,P0835,GXHBV-VL-CE-10,2,High Positive,20,GXHBV-VL-CE-10 2,HBV DETECTED * IU/mL (log *.*),
HBV VL,Xpert HBV Viral Load,P0835,GXHBV-VL-CN-10,0,Negative,100,GXHBV-VL-CN-10 0,HBV NOT DETECTED,
HBV VL,Xpert HBV Viral Load,P0835,GXHBV-VL-CN-10,1,Low Positive,80,GXHBV-VL-CN-10 1,HBV DETECTED * IU/mL (log *.*),
HBV VL,Xpert HBV Viral Load,P0835,GXHBV-VL-CN-10,2,High Positive,20,GXHBV-VL-CN-10 2,HBV DETECTED * IU/mL (log *.*),
HCV FS,Xpert HCV VL Fingerstick,P0771,GXHCV-FS-CE-10,0,Negative,100,GXHCV-FS-CE-10 0,HCV NOT DETECTED,
HCV FS,Xpert HCV VL Fingerstick,P0771,GXHCV-FS-CE-10,1,Low Positive,80,GXHCV-FS-CE-10 1,HCV DETECTED * IU/mL (log *.*),
HCV FS,Xpert HCV VL Fingerstick,P0771,GXHCV-FS-CE-10,2,High Positive,20,GXHCV-FS-CE-10 2,HCV DETECTED * IU/mL (log *.*),
HCV FS,HCV VL WB RUO,P0729,RHCV-FS-10,0,Negative,100,RHCV-FS-10 0,HCV NOT DETECTED,
HCV FS,HCV VL WB RUO,P0729,RHCV-FS-10,1,Low Positive,80,RHCV-FS-10 1,HCV DETECTED * IU/mL (log *.*),
HCV FS,HCV VL WB RUO,P0729,RHCV-FS-10,2,High Positive,20,RHCV-FS-10 2,HCV DETECTED * IU/mL (log *.*),
GX HCV,HCV IUO,P1226,900-1145,0,,100,,HCV NOT DETECTED,
GX HCV,HCV IUO,P1226,900-1145,1,First 10,10,,HCV DETECTED,
GX HCV,Xpert HCV PQC,P1260,GXHCV-10,0,,100,,HCV NOT DETECTED,
GX HCV,Xpert HCV PQC,P1260,GXHCV-10,1,First 10,10,,HCV DETECTED,
HCV VL,Xpert_HCV Viral Load,P0762,GXHCV-VL-CE-10,0,Negative,100,GXHCV-VL-CE-10 0,HCV NOT DETECTED,
HCV VL,Xpert_HCV Viral Load,P0762,GXHCV-VL-CE-10,1,Low Positive,80,GXHCV-VL-CE-10 1,HCV DETECTED * IU/mL (log *.*),
HCV VL,Xpert_HCV Viral Load,P0762,GXHCV-VL-CE-10,2,High Positive,20,GXHCV-VL-CE-10 2,HCV DETECTED * IU/mL (log *.*),
HCV VL,Xpert_HCV Viral Load,P0762,GXHCV-VL-CN-10,0,Negative,100,GXHCV-VL-CN-10 0,HCV NOT DETECTED,
HCV VL,Xpert_HCV Viral Load,P0762,GXHCV-VL-CN-10,1,Low Positive,80,GXHCV-VL-CN-10 1,HCV DETECTED * IU/mL (log *.*),
HCV VL,Xpert_HCV Viral Load,P0762,GXHCV-VL-CN-10,2,High Positive,20,GXHCV-VL-CN-10 2,HCV DETECTED * IU/mL (log *.*),
HCV VL,Xpert_HCV Viral Load,P0762,GXHCV-VL-IN-10,0,Negative,100,GXHCV-VL-IN-10 0,HCV NOT DETECTED,
HCV VL,Xpert_HCV Viral Load,P0762,GXHCV-VL-IN-10,1,Low Positive,80,GXHCV-VL-IN-10 1,HCV DETECTED * IU/mL (log *.*),
HCV VL,Xpert_HCV Viral Load,P0762,GXHCV-VL-IN-10,2,High Positive,20,GXHCV-VL-IN-10 2,HCV DETECTED * IU/mL (log *.*),
HCV VL,HCV Viral Load RUO,P0776,RHCV-10,0,Negative,100,RHCV-10 0,HCV NOT DETECTED,
HCV VL,HCV Viral Load RUO,P0776,RHCV-10,1,Low Positive,80,RHCV-10 1,HCV DETECTED * IU/mL (log *.*),
HCV VL,HCV Viral Load RUO,P0776,RHCV-10,2,High Positive,20,RHCV-10 2,HCV DETECTED * IU/mL (log *.*),
HIV VL,Xpert_HIV-1 Viral Load,P0753,GXHIV-VL-CE-10,0,Negative,100,GXHIV-VL-CE-10 0,HIV-1 NOT DETECTED,
HIV VL,Xpert_HIV-1 Viral Load,P0753,GXHIV-VL-CE-10,1,Low Positive,80,GXHIV-VL-CE-10 1,HIV-1 DETECTED * copies/mL (log *.*),
HIV VL,Xpert_HIV-1 Viral Load,P0753,GXHIV-VL-CE-10,2,High Positive,20,GXHIV-VL-CE-10 2,HIV-1 DETECTED * copies/mL (log *.*),
HIV VL,Xpert_HIV-1 Viral Load,P0753,GXHIV-VL-CN-10,0,Negative,100,GXHIV-VL-CN-10 0,HIV-1 NOT DETECTED,
HIV VL,Xpert_HIV-1 Viral Load,P0753,GXHIV-VL-CN-10,1,Low Positive,80,GXHIV-VL-CN-10 1,HIV-1 DETECTED * copies/mL (log *.*),
HIV VL,Xpert_HIV-1 Viral Load,P0753,GXHIV-VL-CN-10,2,High Positive,20,GXHIV-VL-CN-10 2,HIV-1 DETECTED * copies/mL (log *.*),
HIV VL,Xpert_HIV-1 Viral Load,P0753,GXHIV-VL-IN-10,0,Negative,100,GXHIV-VL-IN-10 0,HIV-1 NOT DETECTED,
HIV VL,Xpert_HIV-1 Viral Load,P0753,GXHIV-VL-IN-10,1,Low Positive,80,GXHIV-VL-IN-10 1,HIV-1 DETECTED * copies/mL (log *.*),
HIV VL,Xpert_HIV-1 Viral Load,P0753,GXHIV-VL-IN-10,2,High Positive,20,GXHIV-VL-IN-10 2,HIV-1 DETECTED * copies/mL (log *.*),
HIV VL,HIV-1 Viral Load RUO,P0774,RHIV-10,0,Negative,100,RHIV-10 0,HIV-1 NOT DETECTED,
HIV VL,HIV-1 Viral Load RUO,P0774,RHIV-10,1,Low Positive,80,RHIV-10 1,HIV-1 DETECTED * copies/mL (log *.*),
HIV VL,HIV-1 Viral Load RUO,P0774,RHIV-10,2,High Positive,20,RHIV-10 2,HIV-1 DETECTED * copies/mL (log *.*),
HIV VL XC,HIV-1 Viral Load XC IUO,P0862,900-0812,0,Negative,100,900-0812 0,HIV-1 NOT DETECTED,
HIV VL XC,HIV-1 Viral Load XC IUO,P0862,900-0812,1,Low Positive,80,900-0812 1,HIV-1 DETECTED * copies/mL (log *.*),
HIV VL XC,HIV-1 Viral Load XC IUO,P0862,900-0812,2,High Positive,20,900-0812 2,HIV-1 DETECTED * copies/mL (log *.*),
HIV VL XC,HIV-1 Viral Load XC RUO,P0863,900-0813,0,Negative,100,900-0813 0,HIV-1 NOT DETECTED,
HIV VL XC,HIV-1 Viral Load XC RUO,P0863,900-0813,1,Low Positive,80,900-0813 1,HIV-1 DETECTED * copies/mL (log *.*),
HIV VL XC,HIV-1 Viral Load XC RUO,P0863,900-0813,2,High Positive,20,900-0813 2,HIV-1 DETECTED * copies/mL (log *.*),
HIV VL XC,Xpert HIV-1 Viral Load XC,P0861,GXHIV-VL-XC-CE-10,0,Negative,100,GXHIV-VL-XC-CE-10 0,HIV-1 NOT DETECTED,
HIV VL XC,Xpert HIV-1 Viral Load XC,P0861,GXHIV-VL-XC-CE-10,1,Low Positive,80,GXHIV-VL-XC-CE-10 1,HIV-1 DETECTED * copies/mL (log *.*),
HIV VL XC,Xpert HIV-1 Viral Load XC,P0861,GXHIV-VL-XC-CE-10,2,High Positive,20,GXHIV-VL-XC-CE-10 2,HIV-1 DETECTED * copies/mL (log *.*),
HPV,Xpert HPV HR,P0546,CGXHPV-CE-10,0,Negative,60,CGXHPV-CE-10 0,INVALID,
HPV,Xpert HPV HR,P0546,CGXHPV-CE-10,1,Low Positive,120,CGXHPV-CE-10 1,HR HPV POS,
HPV,Xpert HPV HR,P0546,CGXHPV-CE-10,2,High Positive,20,CGXHPV-CE-10 2,HR HPV POS,
HPV,Xpert HPV v2 HR,P1242,GXHPV2-CE-10,0,Negative,60,GXHPV2-CE-10 0,INVALID,
HPV,Xpert HPV v2 HR,P1242,GXHPV2-CE-10,1,Low Positive,120,GXHPV2-CE-10 1,HR HPV POS,
HPV,Xpert HPV v2 HR,P1242,GXHPV2-CE-10,2,High Positive,20,GXHPV2-CE-10 2,HR HPV POS,
HPV,Xpert HPV HR,P0546,GXHPV-CE-10,0,Negative,60,GXHPV-CE-10 0,INVALID,
HPV,Xpert HPV HR,P0546,GXHPV-CE-10,1,Low Positive,120,GXHPV-CE-10 1,HR HPV POS,
HPV,Xpert HPV HR,P0546,GXHPV-CE-10,2,High Positive,20,GXHPV-CE-10 2,HR HPV POS,
HPV,Xpert HPV HR,P0546,GXHPV-GB-10,0,Negative,60,GXHPV-GB-10 0,INVALID,
HPV,Xpert HPV HR,P0546,GXHPV-GB-10,1,Low Positive,120,GXHPV-GB-10 1,HR HPV POS,
HPV,Xpert HPV HR,P0546,GXHPV-GB-10,2,High Positive,20,GXHPV-GB-10 2,HR HPV POS,
HPV,HPV HR AND GENOTYPE RUO ASSAY,P0528,RHPV-10,0,Negative,60,RHPV-10 0,INVALID,
HPV,HPV HR AND GENOTYPE RUO ASSAY,P0528,RHPV-10,1,Low Positive,120,RHPV-10 1,HR HPV POS,
HPV,HPV HR AND GENOTYPE RUO ASSAY,P0528,RHPV-10,2,High Positive,20,RHPV-10 2,HR HPV POS,
MRSA NxG,Xpert MRSA NxG,P0716,GXMRSANXG10,0,,100,GXMRSANXG100,MRSA NOT DETECTED,
MRSA NxG,Xpert MRSA NxG,P0716,GXMRSANXG10,1,,80,GXMRSANXG101,MRSA DETECTED,
MRSA NxG,Xpert MRSA NxG,P0716,GXMRSANXG10,2,,20,GXMRSANXG101,MRSA DETECTED,
MRSA NxG,Xpert MRSA NxG,P0716,GXMRSANXG120,0,,100,GXMRSANXG1200,MRSA NOT DETECTED,
MRSA NxG,Xpert MRSA NxG,P0716,GXMRSANXG120,1,,80,GXMRSANXG1201,MRSA DETECTED,
MRSA NxG,Xpert MRSA NxG,P0716,GXMRSANXG120,2,,20,GXMRSANXG1201,MRSA DETECTED,
MRSA NxG,Xpert MRSA NxG,P0716,GXMRSANXGCE10,0,,100,GXMRSANXGCE100,MRSA NOT DETECTED,
MRSA NxG,Xpert MRSA NxG,P0716,GXMRSANXGCE10,1,,80,GXMRSANXGCE101,MRSA DETECTED,
MRSA NxG,Xpert MRSA NxG,P0716,GXMRSANXGCE10,2,,20,GXMRSANXGCE101,MRSA DETECTED,
MRSA NxG,Xpert MRSA NxG,P0716,GXMRSANXGCE120,0,,100,GXMRSANXGCE1200,MRSA NOT DETECTED,
MRSA NxG,Xpert MRSA NxG,P0716,GXMRSANXGCE120,1,,80,GXMRSANXGCE1201,MRSA DETECTED,
MRSA NxG,Xpert MRSA NxG,P0716,GXMRSANXGCE120,2,,20,GXMRSANXGCE1201,MRSA DETECTED,
MRSA NxG,Xpert MRSA NxG,P0716,GXMRSANXGGB10,0,,100,GXMRSANXGGB100,MRSA NOT DETECTED,
MRSA NxG,Xpert MRSA NxG,P0716,GXMRSANXGGB10,1,,80,GXMRSANXGGB101,MRSA DETECTED,
MRSA NxG,Xpert MRSA NxG,P0716,GXMRSANXGGB10,2,,20,GXMRSANXGGB101,MRSA DETECTED,
MRSA NxG,Xpert MRSA NxG,P0716,GXMRSANXGGB120,0,,100,GXMRSANXGGB1200,MRSA NOT DETECTED,
MRSA NxG,Xpert MRSA NxG,P0716,GXMRSANXGGB120,1,,80,GXMRSANXGGB1201,MRSA DETECTED,
MRSA NxG,Xpert MRSA NxG,P0716,GXMRSANXGGB120,2,,20,GXMRSANXGGB1201,MRSA DETECTED,
MRSA NxG,MRSA NxG IUO,P0668,PN9000664,0,,100,PN90006640,MRSA NOT DETECTED,
MRSA NxG,MRSA NxG IUO,P0668,PN9000664,1,,80,PN90006641,MRSA DETECTED,
MRSA NxG,MRSA NxG IUO,P0668,PN9000664,2,,20,PN90006641,MRSA DETECTED,
MRSA NxG,MRSA NxG RUO,P0667,PN9000670,0,,100,PN90006700,MRSA NOT DETECTED,
MRSA NxG,MRSA NxG RUO,P0667,PN9000670,1,,80,PN90006701,MRSA DETECTED,
MRSA NxG,MRSA NxG RUO,P0667,PN9000670,2,,20,PN90006701,MRSA DETECTED,
MRSA NxG,MRSA NxG RUO,P0667,RMRSANXG10,0,,100,RMRSANXG100,MRSA NOT DETECTED,
MRSA NxG,MRSA NxG RUO,P0667,RMRSANXG10,1,,80,RMRSANXG101,MRSA DETECTED,
MRSA NxG,MRSA NxG RUO,P0667,RMRSANXG10,2,,20,RMRSANXG101,MRSA DETECTED,
MRSA SA SSTI,Xpert MRSA_SA_BC,P0865,GXMRSA/SA-BC-10,0,First 10,10,GXMRSA/SA-BC-100,MRSA NEGATIVE;SA NEGATIVE,
MRSA SA SSTI,Xpert MRSA_SA_BC,P0865,GXMRSA/SA-BC-10,1,,100,GXMRSA/SA-BC-101,MRSA POSITIVE;SA POSITIVE,
MRSA SA SSTI,Xpert MRSA_SA_BC_CE,P0866,GXMRSA/SABC-CE-10,0,First 10,10,GXMRSA/SABC-CE-100,MRSA NEGATIVE;SA NEGATIVE,
MRSA SA SSTI,Xpert MRSA_SA_BC_CE,P0866,GXMRSA/SABC-CE-10,1,,100,GXMRSA/SABC-CE-101,MRSA POSITIVE;SA POSITIVE,
MRSA SA SSTI,Xpert MRSA-SA BC G3,P0354,GXMRSA/SA-BC-CE-10,0,First 10,10,GXMRSA/SA-BC-CE-100,MRSA NEGATIVE;SA NEGATIVE,
MRSA SA SSTI,Xpert MRSA-SA BC G3,P0354,GXMRSA/SA-BC-CE-10,1,,100,GXMRSA/SA-BC-CE-101,MRSA POSITIVE;SA POSITIVE,
MRSA SA SSTI,Xpert MRSA-SA SSTI G3,P0356,GXMRSA/SA-SSTI-10,0,First 10,10,GXMRSA/SA-SSTI-100,MRSA NEGATIVE;SA NEGATIVE,
MRSA SA SSTI,Xpert MRSA-SA SSTI G3,P0356,GXMRSA/SA-SSTI-10,1,,100,GXMRSA/SA-SSTI-101,MRSA POSITIVE;SA POSITIVE,
MRSA SA SSTI,Xpert MRSA-SA SSTI G3,P0356,GXMRSA/SA-SSTI-CE,0,First 10,10,GXMRSA/SA-SSTI-CE0,MRSA NEGATIVE;SA NEGATIVE,
MRSA SA SSTI,Xpert MRSA-SA SSTI G3,P0356,GXMRSA/SA-SSTI-CE,1,,100,GXMRSA/SA-SSTI-CE1,MRSA POSITIVE;SA POSITIVE,
MRSA SA SSTI,Xpert SA Nasal Complete G3,P0358,GXSACOMP-10,0,First 10,10,GXSACOMP-100,MRSA NEGATIVE;SA NEGATIVE,
MRSA SA SSTI,Xpert SA Nasal Complete G3,P0358,GXSACOMP-10,1,,100,GXSACOMP-101,MRSA POSITIVE;SA POSITIVE,
MRSA SA SSTI,Xpert SA Nasal Complete G3,P0358,GXSACOMP120,0,First 10,10,GXSACOMP1200,MRSA NEGATIVE;SA NEGATIVE,
MRSA SA SSTI,Xpert SA Nasal Complete G3,P0358,GXSACOMP120,1,,100,GXSACOMP1201,MRSA POSITIVE;SA POSITIVE,
MRSA SA SSTI,Xpert SA Nasal Complete G3,P0358,GXSACOMP-CE-10,0,First 10,10,GXSACOMP-CE-100,MRSA NEGATIVE;SA NEGATIVE,
MRSA SA SSTI,Xpert SA Nasal Complete G3,P0358,GXSACOMP-CE-10,1,,100,GXSACOMP-CE-101,MRSA POSITIVE;SA POSITIVE,
MRSA SA SSTI,Xpert SA Nasal Complete G3,P0358,GXSACOMP-CN-10,0,First 10,10,GXSACOMP-CN-100,MRSA NEGATIVE;SA NEGATIVE,
MRSA SA SSTI,Xpert SA Nasal Complete G3,P0358,GXSACOMP-CN-10,1,,100,GXSACOMP-CN-101,MRSA POSITIVE;SA POSITIVE,
MRSA SA SSTI,MRSA-SA ETA,P0670,RMRSA/SA-ETA-10,0,First 10,10,RMRSA/SA-ETA-100,MRSA NEGATIVE;SA NEGATIVE,
MRSA SA SSTI,MRSA-SA ETA,P0670,RMRSA/SA-ETA-10,1,,100,RMRSA/SA-ETA-101,MRSA POSITIVE;SA POSITIVE,
MRSA SA COMP,Xpert MRSA_SA_BC,P0865,GXMRSA/SA-BC-10,0,First 10,10,GXMRSA/SA-BC-100,MRSA NEGATIVE;SA NEGATIVE,
MRSA SA COMP,Xpert MRSA_SA_BC,P0865,GXMRSA/SA-BC-10,1,,100,GXMRSA/SA-BC-101,MRSA POSITIVE;SA POSITIVE,
MRSA SA COMP,Xpert MRSA_SA_BC_CE,P0866,GXMRSA/SABC-CE-10,0,First 10,10,GXMRSA/SABC-CE-100,MRSA NEGATIVE;SA NEGATIVE,
MRSA SA COMP,Xpert MRSA_SA_BC_CE,P0866,GXMRSA/SABC-CE-10,1,,100,GXMRSA/SABC-CE-101,MRSA POSITIVE;SA POSITIVE,
MRSA SA COMP,Xpert MRSA-SA BC G3,P0354,GXMRSA/SA-BC-CE-10,0,First 10,10,GXMRSA/SA-BC-CE-100,MRSA NEGATIVE;SA NEGATIVE,
MRSA SA COMP,Xpert MRSA-SA BC G3,P0354,GXMRSA/SA-BC-CE-10,1,,100,GXMRSA/SA-BC-CE-101,MRSA POSITIVE;SA POSITIVE,
MRSA SA COMP,Xpert MRSA-SA SSTI G3,P0356,GXMRSA/SA-SSTI-10,0,First 10,10,GXMRSA/SA-SSTI-100,MRSA NEGATIVE;SA NEGATIVE,
MRSA SA COMP,Xpert MRSA-SA SSTI G3,P0356,GXMRSA/SA-SSTI-10,1,,100,GXMRSA/SA-SSTI-101,MRSA POSITIVE;SA POSITIVE,
MRSA SA COMP,Xpert MRSA-SA SSTI G3,P0356,GXMRSA/SA-SSTI-CE,0,First 10,10,GXMRSA/SA-SSTI-CE0,MRSA NEGATIVE;SA NEGATIVE,
MRSA SA COMP,Xpert MRSA-SA SSTI G3,P0356,GXMRSA/SA-SSTI-CE,1,,100,GXMRSA/SA-SSTI-CE1,MRSA POSITIVE;SA POSITIVE,
MRSA SA COMP,Xpert SA Nasal Complete G3,P0358,GXSACOMP-10,0,First 10,10,GXSACOMP-100,MRSA NEGATIVE;SA NEGATIVE,
MRSA SA COMP,Xpert SA Nasal Complete G3,P0358,GXSACOMP-10,1,,100,GXSACOMP-101,MRSA POSITIVE;SA POSITIVE,
MRSA SA COMP,Xpert SA Nasal Complete G3,P0358,GXSACOMP120,0,First 10,10,GXSACOMP1200,MRSA NEGATIVE;SA NEGATIVE,
MRSA SA COMP,Xpert SA Nasal Complete G3,P0358,GXSACOMP120,1,,100,GXSACOMP1201,MRSA POSITIVE;SA POSITIVE,
MRSA SA COMP,Xpert SA Nasal Complete G3,P0358,GXSACOMP-CE-10,0,First 10,10,GXSACOMP-CE-100,MRSA NEGATIVE;SA NEGATIVE,
MRSA SA COMP,Xpert SA Nasal Complete G3,P0358,GXSACOMP-CE-10,1,,100,GXSACOMP-CE-101,MRSA POSITIVE;SA POSITIVE,
MRSA SA COMP,Xpert SA Nasal Complete G3,P0358,GXSACOMP-CN-10,0,First 10,10,GXSACOMP-CN-100,MRSA NEGATIVE;SA NEGATIVE,
MRSA SA COMP,Xpert SA Nasal Complete G3,P0358,GXSACOMP-CN-10,1,,100,GXSACOMP-CN-101,MRSA POSITIVE;SA POSITIVE,
MRSA SA COMP,MRSA-SA ETA,P0670,RMRSA/SA-ETA-10,0,First 10,10,RMRSA/SA-ETA-100,MRSA NEGATIVE;SA NEGATIVE,
MRSA SA COMP,MRSA-SA ETA,P0670,RMRSA/SA-ETA-10,1,,100,RMRSA/SA-ETA-101,MRSA POSITIVE;SA POSITIVE,
MTB U,Xpert MTB-RIF Ultra,P0833,GXMTBRIF-ULT-CN-10,0,,100,,MTB NOT DETECTED,
MTB U,Xpert MTB-RIF Ultra,P0833,GXMTBRIF-ULT-CN-10,1,,80,,MTB DETECTED *;Rif Resistance DETECTED,
MTB U,Xpert MTB-RIF Ultra,P0833,GXMTBRIF-ULT-CN-10,2,,20,,MTB DETECTED *;Rif Resistance NOT DETECTED,
MTB U,Xpert MTB-RIF Ultra,P0833,GXMTBRIF-ULT-CN-50,0,,100,,MTB NOT DETECTED,
MTB U,Xpert MTB-RIF Ultra,P0833,GXMTBRIF-ULT-CN-50,1,,80,,MTB DETECTED *;Rif Resistance DETECTED,
MTB U,Xpert MTB-RIF Ultra,P0833,GXMTBRIF-ULT-CN-50,2,,20,,MTB DETECTED *;Rif Resistance NOT DETECTED,
MTB U,Xpert MTB-RIF Ultra,P0833,GXMTBRIFULTRA10,0,,100,,MTB NOT DETECTED,
MTB U,Xpert MTB-RIF Ultra,P0833,GXMTBRIFULTRA10,1,,80,,MTB DETECTED *;Rif Resistance DETECTED,
MTB U,Xpert MTB-RIF Ultra,P0833,GXMTBRIFULTRA10,2,,20,,MTB DETECTED *;Rif Resistance NOT DETECTED,
MTB U,Xpert MTB-RIF Ultra,P0833,GXMTBRIFULTRA50,0,,100,,MTB NOT DETECTED,
MTB U,Xpert MTB-RIF Ultra,P0833,GXMTBRIFULTRA50,1,,80,,MTB DETECTED *;Rif Resistance DETECTED,
MTB U,Xpert MTB-RIF Ultra,P0833,GXMTBRIFULTRA50,2,,20,,MTB DETECTED *;Rif Resistance NOT DETECTED,
MTB U,Xpert MTB-RIF Ultra,P0833,GXMTB-ULTRA-HB-10,0,,100,,MTB NOT DETECTED,
MTB U,Xpert MTB-RIF Ultra,P0833,GXMTB-ULTRA-HB-10,1,,80,,MTB DETECTED *;Rif Resistance DETECTED,
MTB U,Xpert MTB-RIF Ultra,P0833,GXMTB-ULTRA-HB-10,2,,20,,MTB DETECTED *;Rif Resistance NOT DETECTED,
MTB U,Xpert MTB-RIF Ultra,P0833,GXMTB-ULTRA-HB-50,0,,100,,MTB NOT DETECTED,
MTB U,Xpert MTB-RIF Ultra,P0833,GXMTB-ULTRA-HB-50,1,,80,,MTB DETECTED *;Rif Resistance DETECTED,
MTB U,Xpert MTB-RIF Ultra,P0833,GXMTB-ULTRA-HB-50,2,,20,,MTB DETECTED *;Rif Resistance NOT DETECTED,
MTB U,Xpert MTB-RIF Ultra,P0833,GXMTBULTRAMII10,0,,100,,MTB NOT DETECTED,
MTB U,Xpert MTB-RIF Ultra,P0833,GXMTBULTRAMII10,1,,80,,MTB DETECTED *;Rif Resistance DETECTED,
MTB U,Xpert MTB-RIF Ultra,P0833,GXMTBULTRAMII10,2,,20,,MTB DETECTED *;Rif Resistance NOT DETECTED,
MTB U,Xpert MTB-RIF Ultra,P0833,GXMTBULTRAMII50,0,,100,,MTB NOT DETECTED,
MTB U,Xpert MTB-RIF Ultra,P0833,GXMTBULTRAMII50,1,,80,,MTB DETECTED *;Rif Resistance DETECTED,
MTB U,Xpert MTB-RIF Ultra,P0833,GXMTBULTRAMII50,2,,20,,MTB DETECTED *;Rif Resistance NOT DETECTED,
MTB U,Xpert MTB-RIF Ultra,P0833,PN7006537,0,,100,,MTB NOT DETECTED,
MTB U,Xpert MTB-RIF Ultra,P0833,PN7006537,1,,80,,MTB DETECTED *;Rif Resistance DETECTED,
MTB U,Xpert MTB-RIF Ultra,P0833,PN7006537,2,,20,,MTB DETECTED *;Rif Resistance NOT DETECTED,
MTB U,Xpert MTB-RIF Ultra,P0833,PN7007774,0,,100,,MTB NOT DETECTED,
MTB U,Xpert MTB-RIF Ultra,P0833,PN7007774,1,,80,,MTB DETECTED *;Rif Resistance DETECTED,
MTB U,Xpert MTB-RIF Ultra,P0833,PN7007774,2,,20,,MTB DETECTED *;Rif Resistance NOT DETECTED,
MTB U,Xpert MTB-RIF Ultra,P0833,PN7009436,0,,100,,MTB NOT DETECTED,
MTB U,Xpert MTB-RIF Ultra,P0833,PN7009436,1,,80,,MTB DETECTED *;Rif Resistance DETECTED,
MTB U,Xpert MTB-RIF Ultra,P0833,PN7009436,2,,20,,MTB DETECTED *;Rif Resistance NOT DETECTED,
MTB U,MTB-RIF Ultra v2 RUO,P0792,PN9000779,0,,100,,MTB NOT DETECTED,
MTB U,MTB-RIF Ultra v2 RUO,P0792,PN9000779,1,,80,,MTB DETECTED *;Rif Resistance DETECTED,
MTB U,MTB-RIF Ultra v2 RUO,P0792,PN9000779,2,,20,,MTB DETECTED *;Rif Resistance NOT DETECTED,
MTB,Xpert MTB-RIF Assay G4,P0422,700-6047,0,First 10,10,,MTB NOT DETECTED,
MTB,Xpert MTB-RIF Assay G4,P0422,700-6047,1,,100,,MTB DETECTED *;Rif Resistance NOT DETECTED,
MTB,Xpert MTB-RIF Assay G4,P0422,700-6082,0,First 10,10,,MTB NOT DETECTED,
MTB,Xpert MTB-RIF Assay G4,P0422,700-6082,1,,100,,MTB DETECTED *;Rif Resistance NOT DETECTED,
MTB,Xpert MTB-RIF Assay G4,P0422,700-7773,0,First 10,10,,MTB NOT DETECTED,
MTB,Xpert MTB-RIF Assay G4,P0422,700-7773,1,,100,,MTB DETECTED *;Rif Resistance NOT DETECTED,
MTB,Xpert MTB-RIF Assay G4,P0422,CGXMTBRIF10,0,First 10,10,,MTB NOT DETECTED,
MTB,Xpert MTB-RIF Assay G4,P0422,CGXMTBRIF10,1,,100,,MTB DETECTED *;Rif Resistance NOT DETECTED,
MTB,Xpert MTB-RIF Assay G4,P0422,CGXMTBRIF50,0,First 10,10,,MTB NOT DETECTED,
MTB,Xpert MTB-RIF Assay G4,P0422,CGXMTBRIF50,1,,100,,MTB DETECTED *;Rif Resistance NOT DETECTED,
MTB,Xpert MTB-RIF Assay G4,P0422,CGXMTBRIFIN50 ,0,First 10,10,,MTB NOT DETECTED,
MTB,Xpert MTB-RIF Assay G4,P0422,CGXMTBRIFIN50 ,1,,100,,MTB DETECTED *;Rif Resistance NOT DETECTED,
MTB,Xpert MTB-RIF Assay G4,P0422,GXMTBRIF10,0,First 10,10,,MTB NOT DETECTED,
MTB,Xpert MTB-RIF Assay G4,P0422,GXMTBRIF10,1,,100,,MTB DETECTED *;Rif Resistance NOT DETECTED,
MTB,Xpert MTB-RIF Assay G4,P0422,GXMTBRIF50,0,First 10,10,,MTB NOT DETECTED,
MTB,Xpert MTB-RIF Assay G4,P0422,GXMTBRIF50,1,,100,,MTB DETECTED *;Rif Resistance NOT DETECTED,
MTB,Xpert MTB-RIF Assay G4,P0422,GXMTBRIFCN10,0,First 10,10,,MTB NOT DETECTED,
MTB,Xpert MTB-RIF Assay G4,P0422,GXMTBRIFCN10,1,,100,,MTB DETECTED *;Rif Resistance NOT DETECTED,
MTB,Xpert MTB-RIF Assay G4,P0422,GXMTBRIFCN50,0,First 10,10,,MTB NOT DETECTED,
MTB,Xpert MTB-RIF Assay G4,P0422,GXMTBRIFCN50,1,,100,,MTB DETECTED *;Rif Resistance NOT DETECTED,
MTB,Xpert MTB-RIF Assay G4,P0422,GXMTBRIFIN10,0,First 10,10,,MTB NOT DETECTED,
MTB,Xpert MTB-RIF Assay G4,P0422,GXMTBRIFIN10,1,,100,,MTB DETECTED *;Rif Resistance NOT DETECTED,
MTB,Xpert MTB-RIF Assay G4,P0422,GXMTBRIFMII50,0,First 10,10,,MTB NOT DETECTED,
MTB,Xpert MTB-RIF Assay G4,P0422,GXMTBRIFMII50,1,,100,,MTB DETECTED *;Rif Resistance NOT DETECTED,
MTB,Xpert MTB-RIF US IVD,P0531,GXMTBRIFUS10,0,First 10,10,,MTB NOT DETECTED,
MTB,Xpert MTB-RIF US IVD,P0531,GXMTBRIFUS10,1,,100,,MTB DETECTED;Rif Resistance NOT DETECTED,
MTB JP,Xpert MTB-RIF JP IVD,P0652,GXMTB/RIF-JP-10,0,Negative,100,GXMTB/RIF-JP-10 0,MTB NOT DETECTED,
MTB JP,Xpert MTB-RIF JP IVD,P0652,GXMTB/RIF-JP-10,1,TBWT,60,GXMTB/RIF-JP-10 1,MTB DETECTED;Rif Resistance NOT DETECTED,
MTB JP,Xpert MTB-RIF JP IVD,P0652,GXMTB/RIF-JP-10,2,TBMDR1 Low,10,GXMTB/RIF-JP-10 2,MTB DETECTED;Rif Resistance DETECTED,
MTB JP,Xpert MTB-RIF JP IVD,P0652,GXMTB/RIF-JP-10,3,TBMDR1 High,10,GXMTB/RIF-JP-10 3,MTB DETECTED;Rif Resistance DETECTED,
MTB JP,Xpert MTB-RIF JP IVD,P0652,GXMTB/RIF-JP-10,4,TBMDR2 Low,10,GXMTB/RIF-JP-10 4,MTB DETECTED;Rif Resistance DETECTED,
MTB JP,Xpert MTB-RIF JP IVD,P0652,GXMTB/RIF-JP-10,5,TBMDR2 High,10,GXMTB/RIF-JP-10 5,MTB DETECTED;Rif Resistance DETECTED,
MTB XDR,Xpert MTB-XDR,P0965,GXMTBXDR10,0,,100,,MTB NOT DETECTED,
MTB XDR,Xpert MTB-XDR,P0965,GXMTBXDR10,1,,80,,MTB DETECTED;INH Resistance NOT DETECTED;FLQ Resistance NOT DETECTED;AMK Resistance NOT DETECTED;KAN Resistance NOT DETECTED;CAP Resistance NOT DETECTED;ETH Resistance NOT DETECTED,
MTB XDR,Xpert MTB-XDR,P0965,GXMTBXDR10,2,,20,,MTB DETECTED;INH Resistance DETECTED;FLQ Resistance DETECTED;AMK Resistance DETECTED;KAN Resistance DETECTED;CAP Resistance DETECTED;ETH Resistance DETECTED,
MTB XDR,MTB-XDR RUO,P0851,PN9000795,0,,100,,MTB NOT DETECTED,
MTB XDR,MTB-XDR RUO,P0851,PN9000795,1,,80,,MTB DETECTED;INH Resistance NOT DETECTED;FLQ Resistance NOT DETECTED;AMK Resistance NOT DETECTED;KAN Resistance NOT DETECTED;CAP Resistance NOT DETECTED;ETH Resistance NOT DETECTED,
MTB XDR,MTB-XDR RUO,P0851,PN9000795,2,,20,,MTB DETECTED;INH Resistance DETECTED;FLQ Resistance DETECTED;AMK Resistance DETECTED;KAN Resistance DETECTED;CAP Resistance DETECTED;ETH Resistance DETECTED,
MTB XDR,MTB-XDR IUO,P0871,PN9000796,0,,100,,MTB NOT DETECTED,
MTB XDR,MTB-XDR IUO,P0871,PN9000796,1,,80,,MTB DETECTED;INH Resistance NOT DETECTED;FLQ Resistance NOT DETECTED;AMK Resistance NOT DETECTED;KAN Resistance NOT DETECTED;CAP Resistance NOT DETECTED;ETH Resistance NOT DETECTED,
MTB XDR,MTB-XDR IUO,P0871,PN9000796,2,,20,,MTB DETECTED;INH Resistance DETECTED;FLQ Resistance DETECTED;AMK Resistance DETECTED;KAN Resistance DETECTED;CAP Resistance DETECTED;ETH Resistance DETECTED,
MTB XDR,MTB-XDR RUO,P0851,RMTBXDR10,0,,100,,MTB NOT DETECTED,
MTB XDR,MTB-XDR RUO,P0851,RMTBXDR10,1,,80,,MTB DETECTED;INH Resistance NOT DETECTED;FLQ Resistance NOT DETECTED;AMK Resistance NOT DETECTED;KAN Resistance NOT DETECTED;CAP Resistance NOT DETECTED;ETH Resistance NOT DETECTED,
MTB XDR,MTB-XDR RUO,P0851,RMTBXDR10,2,,20,,MTB DETECTED;INH Resistance DETECTED;FLQ Resistance DETECTED;AMK Resistance DETECTED;KAN Resistance DETECTED;CAP Resistance DETECTED;ETH Resistance DETECTED,
NORO,Xpert Norovirus,P0583,GXNOV-10,0,Negative,100,GXNOV-100,NORO GI NOT DETECTED;NORO GII NOT DETECTED,
NORO,Xpert Norovirus,P0583,GXNOV-10,1,Low Positive,80,GXNOV-101,NORO GI DETECTED;NORO GII DETECTED,
NORO,Xpert Norovirus,P0583,GXNOV-10,2,High Positive,20,GXNOV-102,NORO GI DETECTED;NORO GII DETECTED,
NORO,Xpert Norovirus,P0583,GXNOV-CE-10,0,Negative,100,GXNOV-CE-100,NORO GI NOT DETECTED;NORO GII NOT DETECTED,
NORO,Xpert Norovirus,P0583,GXNOV-CE-10,1,Low Positive,80,GXNOV-CE-101,NORO GI DETECTED;NORO GII DETECTED,
NORO,Xpert Norovirus,P0583,GXNOV-CE-10,2,High Positive,20,GXNOV-CE-102,NORO GI DETECTED;NORO GII DETECTED,
NORO,Xpert Norovirus,P0583,GXNOV-GB-10,0,Negative,100,GXNOV-GB-100,NORO GI NOT DETECTED;NORO GII NOT DETECTED,
NORO,Xpert Norovirus,P0583,GXNOV-GB-10,1,Low Positive,80,GXNOV-GB-101,NORO GI DETECTED;NORO GII DETECTED,
NORO,Xpert Norovirus,P0583,GXNOV-GB-10,2,High Positive,20,GXNOV-GB-102,NORO GI DETECTED;NORO GII DETECTED,
Respiratory Panel,Respiratory Panel IUO,P1119,900-0913  ,0,,100,,Adenovirus NEGATIVE;Coronavirus NEGATIVE;SARS-CoV-2 NEGATIVE;Flu A NEGATIVE;Flu B NEGATIVE;hMPV NEGATIVE;Parainfluenza NEGATIVE;Rhino-Enterovirus NEGATIVE;RSV NEGATIVE;B. parapertussis NEGATIVE;B. pertussis NEGATIVE;Chlam. pneumoniae NEGATIVE;Myco. pneumoniae NEGATIVE,
Respiratory Panel,Respiratory Panel IUO,P1119,900-0913  ,1,,40,,Adenovirus NEGATIVE;Coronavirus POSITIVE;SARS-CoV-2 NEGATIVE;Flu A POSITIVE;Flu B NEGATIVE;hMPV NEGATIVE;Parainfluenza POSITIVE;Rhino-Enterovirus NEGATIVE;RSV POSITIVE;B. parapertussis NEGATIVE;B. pertussis NEGATIVE;Chlam. pneumoniae POSITIVE;Myco. pneumoniae NEGATIVE,
Respiratory Panel,Respiratory Panel IUO,P1119,900-0913  ,2,,20,,Adenovirus NEGATIVE;Coronavirus POSITIVE;SARS-CoV-2 POSITIVE;Flu A NEGATIVE;Flu B POSITIVE;hMPV NEGATIVE;Parainfluenza POSITIVE;Rhino-Enterovirus NEGATIVE;RSV NEGATIVE;B. parapertussis POSITIVE;B. pertussis NEGATIVE;Chlam. pneumoniae NEGATIVE;Myco. pneumoniae NEGATIVE,
Respiratory Panel,Respiratory Panel IUO,P1119,900-0913  ,3,,20,,Adenovirus POSITIVE;Coronavirus POSITIVE;SARS-CoV-2 NEGATIVE;Flu A POSITIVE;Flu B NEGATIVE;hMPV POSITIVE;Parainfluenza POSITIVE;Rhino-Enterovirus POSITIVE;RSV NEGATIVE;B. parapertussis NEGATIVE;B. pertussis NEGATIVE;Chlam. pneumoniae NEGATIVE;Myco. pneumoniae NEGATIVE,
Respiratory Panel,Respiratory Panel IUO,P1119,900-0913  ,4,,20,,Adenovirus NEGATIVE;Coronavirus POSITIVE;SARS-CoV-2 NEGATIVE;Flu A NEGATIVE;Flu B NEGATIVE;hMPV NEGATIVE;Parainfluenza POSITIVE;Rhino-Enterovirus NEGATIVE;RSV POSITIVE;B. parapertussis NEGATIVE;B. pertussis POSITIVE;Chlam. pneumoniae NEGATIVE;Myco. pneumoniae POSITIVE,
Respiratory Panel,Respiratory Panel RUO,P1017,900-0914,0,,100,,Adenovirus NEGATIVE;Coronavirus NEGATIVE;SARS-CoV-2 NEGATIVE;Flu A NEGATIVE;Flu B NEGATIVE;hMPV NEGATIVE;Parainfluenza NEGATIVE;Rhino-Enterovirus NEGATIVE;RSV NEGATIVE;B. parapertussis NEGATIVE;B. pertussis NEGATIVE;Chlam. pneumoniae NEGATIVE;Myco. pneumoniae NEGATIVE,
Respiratory Panel,Respiratory Panel RUO,P1017,900-0914,1,,40,,Adenovirus NEGATIVE;Coronavirus POSITIVE;SARS-CoV-2 NEGATIVE;Flu A POSITIVE;Flu B NEGATIVE;hMPV NEGATIVE;Parainfluenza POSITIVE;Rhino-Enterovirus NEGATIVE;RSV POSITIVE;B. parapertussis NEGATIVE;B. pertussis NEGATIVE;Chlam. pneumoniae POSITIVE;Myco. pneumoniae NEGATIVE,
Respiratory Panel,Respiratory Panel RUO,P1017,900-0914,2,,20,,Adenovirus NEGATIVE;Coronavirus POSITIVE;SARS-CoV-2 POSITIVE;Flu A NEGATIVE;Flu B POSITIVE;hMPV NEGATIVE;Parainfluenza POSITIVE;Rhino-Enterovirus NEGATIVE;RSV NEGATIVE;B. parapertussis POSITIVE;B. pertussis NEGATIVE;Chlam. pneumoniae NEGATIVE;Myco. pneumoniae NEGATIVE,
Respiratory Panel,Respiratory Panel RUO,P1017,900-0914,3,,20,,Adenovirus POSITIVE;Coronavirus POSITIVE;SARS-CoV-2 NEGATIVE;Flu A POSITIVE;Flu B NEGATIVE;hMPV POSITIVE;Parainfluenza POSITIVE;Rhino-Enterovirus POSITIVE;RSV NEGATIVE;B. parapertussis NEGATIVE;B. pertussis NEGATIVE;Chlam. pneumoniae NEGATIVE;Myco. pneumoniae NEGATIVE,
Respiratory Panel,Respiratory Panel RUO,P1017,900-0914,4,,20,,Adenovirus NEGATIVE;Coronavirus POSITIVE;SARS-CoV-2 NEGATIVE;Flu A NEGATIVE;Flu B NEGATIVE;hMPV NEGATIVE;Parainfluenza POSITIVE;Rhino-Enterovirus NEGATIVE;RSV POSITIVE;B. parapertussis NEGATIVE;B. pertussis POSITIVE;Chlam. pneumoniae NEGATIVE;Myco. pneumoniae POSITIVE,
Respiratory Panel,Respiratory panel ,P1235,GXRESP-10,0,,100,,Adenovirus NEGATIVE;Coronavirus NEGATIVE;SARS-CoV-2 NEGATIVE;Flu A NEGATIVE;Flu B NEGATIVE;hMPV NEGATIVE;Parainfluenza NEGATIVE;Rhino-Enterovirus NEGATIVE;RSV NEGATIVE;B. parapertussis NEGATIVE;B. pertussis NEGATIVE;Chlam. pneumoniae NEGATIVE;Myco. pneumoniae NEGATIVE,
Respiratory Panel,Respiratory panel ,P1235,GXRESP-10,1,,40,,Adenovirus NEGATIVE;Coronavirus POSITIVE;SARS-CoV-2 NEGATIVE;Flu A POSITIVE;Flu B NEGATIVE;hMPV NEGATIVE;Parainfluenza POSITIVE;Rhino-Enterovirus NEGATIVE;RSV POSITIVE;B. parapertussis NEGATIVE;B. pertussis NEGATIVE;Chlam. pneumoniae POSITIVE;Myco. pneumoniae NEGATIVE,
Respiratory Panel,Respiratory panel ,P1235,GXRESP-10,2,,20,,Adenovirus NEGATIVE;Coronavirus POSITIVE;SARS-CoV-2 POSITIVE;Flu A NEGATIVE;Flu B POSITIVE;hMPV NEGATIVE;Parainfluenza POSITIVE;Rhino-Enterovirus NEGATIVE;RSV NEGATIVE;B. parapertussis POSITIVE;B. pertussis NEGATIVE;Chlam. pneumoniae NEGATIVE;Myco. pneumoniae NEGATIVE,
Respiratory Panel,Respiratory panel ,P1235,GXRESP-10,3,,20,,Adenovirus POSITIVE;Coronavirus POSITIVE;SARS-CoV-2 NEGATIVE;Flu A POSITIVE;Flu B NEGATIVE;hMPV POSITIVE;Parainfluenza POSITIVE;Rhino-Enterovirus POSITIVE;RSV NEGATIVE;B. parapertussis NEGATIVE;B. pertussis NEGATIVE;Chlam. pneumoniae NEGATIVE;Myco. pneumoniae NEGATIVE,
Respiratory Panel,Respiratory panel ,P1235,GXRESP-10,4,,20,,Adenovirus NEGATIVE;Coronavirus POSITIVE;SARS-CoV-2 NEGATIVE;Flu A NEGATIVE;Flu B NEGATIVE;hMPV NEGATIVE;Parainfluenza POSITIVE;Rhino-Enterovirus NEGATIVE;RSV POSITIVE;B. parapertussis NEGATIVE;B. pertussis POSITIVE;Chlam. pneumoniae NEGATIVE;Myco. pneumoniae POSITIVE,
Respiratory Panel,Respiratory panel CE-IVD,P1236,GXRESP-CE-10,0,,100,,Adenovirus NEGATIVE;Coronavirus NEGATIVE;SARS-CoV-2 NEGATIVE;Flu A NEGATIVE;Flu B NEGATIVE;hMPV NEGATIVE;Parainfluenza NEGATIVE;Rhino-Enterovirus NEGATIVE;RSV NEGATIVE;B. parapertussis NEGATIVE;B. pertussis NEGATIVE;Chlam. pneumoniae NEGATIVE;Myco. pneumoniae NEGATIVE,
Respiratory Panel,Respiratory panel CE-IVD,P1236,GXRESP-CE-10,1,,40,,Adenovirus NEGATIVE;Coronavirus POSITIVE;SARS-CoV-2 NEGATIVE;Flu A POSITIVE;Flu B NEGATIVE;hMPV NEGATIVE;Parainfluenza POSITIVE;Rhino-Enterovirus NEGATIVE;RSV POSITIVE;B. parapertussis NEGATIVE;B. pertussis NEGATIVE;Chlam. pneumoniae POSITIVE;Myco. pneumoniae NEGATIVE,
Respiratory Panel,Respiratory panel CE-IVD,P1236,GXRESP-CE-10,2,,20,,Adenovirus NEGATIVE;Coronavirus POSITIVE;SARS-CoV-2 POSITIVE;Flu A NEGATIVE;Flu B POSITIVE;hMPV NEGATIVE;Parainfluenza POSITIVE;Rhino-Enterovirus NEGATIVE;RSV NEGATIVE;B. parapertussis POSITIVE;B. pertussis NEGATIVE;Chlam. pneumoniae NEGATIVE;Myco. pneumoniae NEGATIVE,
Respiratory Panel,Respiratory panel CE-IVD,P1236,GXRESP-CE-10,3,,20,,Adenovirus POSITIVE;Coronavirus POSITIVE;SARS-CoV-2 NEGATIVE;Flu A POSITIVE;Flu B NEGATIVE;hMPV POSITIVE;Parainfluenza POSITIVE;Rhino-Enterovirus POSITIVE;RSV NEGATIVE;B. parapertussis NEGATIVE;B. pertussis NEGATIVE;Chlam. pneumoniae NEGATIVE;Myco. pneumoniae NEGATIVE,
Respiratory Panel,Respiratory panel CE-IVD,P1236,GXRESP-CE-10,4,,20,,Adenovirus NEGATIVE;Coronavirus POSITIVE;SARS-CoV-2 NEGATIVE;Flu A NEGATIVE;Flu B NEGATIVE;hMPV NEGATIVE;Parainfluenza POSITIVE;Rhino-Enterovirus NEGATIVE;RSV POSITIVE;B. parapertussis NEGATIVE;B. pertussis POSITIVE;Chlam. pneumoniae NEGATIVE;Myco. pneumoniae POSITIVE,
Respiratory Panel,Respiratory panel UKCA-IVD,P1237,GXRESP-GB-10,0,,100,,Adenovirus NEGATIVE;Coronavirus NEGATIVE;SARS-CoV-2 NEGATIVE;Flu A NEGATIVE;Flu B NEGATIVE;hMPV NEGATIVE;Parainfluenza NEGATIVE;Rhino-Enterovirus NEGATIVE;RSV NEGATIVE;B. parapertussis NEGATIVE;B. pertussis NEGATIVE;Chlam. pneumoniae NEGATIVE;Myco. pneumoniae NEGATIVE,
Respiratory Panel,Respiratory panel UKCA-IVD,P1237,GXRESP-GB-10,1,,40,,Adenovirus NEGATIVE;Coronavirus POSITIVE;SARS-CoV-2 NEGATIVE;Flu A POSITIVE;Flu B NEGATIVE;hMPV NEGATIVE;Parainfluenza POSITIVE;Rhino-Enterovirus NEGATIVE;RSV POSITIVE;B. parapertussis NEGATIVE;B. pertussis NEGATIVE;Chlam. pneumoniae POSITIVE;Myco. pneumoniae NEGATIVE,
Respiratory Panel,Respiratory panel UKCA-IVD,P1237,GXRESP-GB-10,2,,20,,Adenovirus NEGATIVE;Coronavirus POSITIVE;SARS-CoV-2 POSITIVE;Flu A NEGATIVE;Flu B POSITIVE;hMPV NEGATIVE;Parainfluenza POSITIVE;Rhino-Enterovirus NEGATIVE;RSV NEGATIVE;B. parapertussis POSITIVE;B. pertussis NEGATIVE;Chlam. pneumoniae NEGATIVE;Myco. pneumoniae NEGATIVE,
Respiratory Panel,Respiratory panel UKCA-IVD,P1237,GXRESP-GB-10,3,,20,,Adenovirus POSITIVE;Coronavirus POSITIVE;SARS-CoV-2 NEGATIVE;Flu A POSITIVE;Flu B NEGATIVE;hMPV POSITIVE;Parainfluenza POSITIVE;Rhino-Enterovirus POSITIVE;RSV NEGATIVE;B. parapertussis NEGATIVE;B. pertussis NEGATIVE;Chlam. pneumoniae NEGATIVE;Myco. pneumoniae NEGATIVE,
Respiratory Panel,Respiratory panel UKCA-IVD,P1237,GXRESP-GB-10,4,,20,,Adenovirus NEGATIVE;Coronavirus POSITIVE;SARS-CoV-2 NEGATIVE;Flu A NEGATIVE;Flu B NEGATIVE;hMPV NEGATIVE;Parainfluenza POSITIVE;Rhino-Enterovirus NEGATIVE;RSV POSITIVE;B. parapertussis NEGATIVE;B. pertussis POSITIVE;Chlam. pneumoniae NEGATIVE;Myco. pneumoniae POSITIVE,
STREPA,Xpert Xpress_Strep A,P0842,XPRSTREPA-10,0,Negative,100,XPRSTREPA-100,Strep A NOT DETECTED,
STREPA,Xpert Xpress_Strep A,P0842,XPRSTREPA-10,1,Low Positive,80,XPRSTREPA-101,Strep A DETECTED,
STREPA,Xpert Xpress_Strep A,P0842,XPRSTREPA-10,2,High Positive,20,XPRSTREPA-102,Strep A DETECTED,
STREPA,Xpert Xpress_Strep A,P0842,XPRSTREPA-120,0,Negative,100,XPRSTREPA-1200,Strep A NOT DETECTED,
STREPA,Xpert Xpress_Strep A,P0842,XPRSTREPA-120,1,Low Positive,80,XPRSTREPA-1201,Strep A DETECTED,
STREPA,Xpert Xpress_Strep A,P0842,XPRSTREPA-120,2,High Positive,20,XPRSTREPA-1202,Strep A DETECTED,
STREPA,Xpert Xpress Strep A,P0694,XPRSTREPA-CE-10,0,Negative,100,XPRSTREPA-CE-100,Strep A NOT DETECTED,
STREPA,Xpert Xpress Strep A,P0694,XPRSTREPA-CE-10,1,Low Positive,80,XPRSTREPA-CE-101,Strep A DETECTED,
STREPA,Xpert Xpress Strep A,P0694,XPRSTREPA-CE-10,2,High Positive,20,XPRSTREPA-CE-102,Strep A DETECTED,
TAP Panel,TAP Panel RUO,P1163,900-1008,0,,100,,Ft NOT DETECTED;Ba NOT DETECTED;Yp NOT DETECTED,
TAP Panel,TAP Panel RUO,P1163,900-1008,1,First 10,10,,Ft DETECTED;Ba DETECTED;Yp DETECTED,
TAP Panel,TAP Panel IUO,P1224,900-1036,0,,100,,Ft NOT DETECTED;Ba NOT DETECTED;Yp NOT DETECTED,
TAP Panel,TAP Panel IUO,P1224,900-1036,1,First 10,10,,Ft DETECTED;Ba DETECTED;Yp DETECTED,
TAP Panel,Xpert TAP Panel,P1225,EDGETAP-10,0,,100,,Ft NOT DETECTED;Ba NOT DETECTED;Yp NOT DETECTED,
TAP Panel,Xpert TAP Panel,P1225,EDGETAP-10,1,First 10,10,,Ft DETECTED;Ba DETECTED;Yp DETECTED,
VAN AB,Xpert vanA vanB,P0233,GXVANA/B-CE-10,0,Negative,100,GXVANA/B-CE-100,vanA NEGATIVE;vanB NEGATIVE,
VAN AB,Xpert vanA vanB,P0233,GXVANA/B-CE-10,1,Low Positive,100,GXVANA/B-CE-101,vanA POSITIVE;vanB POSITIVE,
FLU,XP Flu-RSV RUO,P0703,RXPFLURSV10,0,,100,RXPFLURSV100,Flu A NEGATIVE;Flu B NEGATIVE;RSV NEGATIVE,
FLU,XP Flu-RSV RUO,P0703,RXPFLURSV10,1,,80,RXPFLURSV101,Flu A POSITIVE;Flu B POSITIVE;RSV POSITIVE,
FLU,XP Flu-RSV RUO,P0703,RXPFLURSV10,2,,20,RXPFLURSV101,Flu A POSITIVE;Flu B POSITIVE;RSV POSITIVE,
FLU,Xpress Flu IPT_EAT off,P0700,XPRSFLU10,0,,100,XPRSFLU100,Flu A NEGATIVE;Flu B NEGATIVE,
FLU,Xpress Flu IPT_EAT off,P0700,XPRSFLU10,1,,80,XPRSFLU100,Flu A POSITIVE;Flu B POSITIVE,
FLU,Xpress Flu IPT_EAT off,P0700,XPRSFLU10,2,,20,XPRSFLU100,Flu A POSITIVE;Flu B POSITIVE,
FLU,Xpress Flu IPT_EAT off,P0700,XPRSFLU120,0,,100,XPRSFLU100,Flu A NEGATIVE;Flu B NEGATIVE,
FLU,Xpress Flu IPT_EAT off,P0700,XPRSFLU120,1,,80,XPRSFLU100,Flu A POSITIVE;Flu B POSITIVE,
FLU,Xpress Flu IPT_EAT off,P0700,XPRSFLU120,2,,20,XPRSFLU100,Flu A POSITIVE;Flu B POSITIVE,
FLU,Xpert Xpress Flu-RSV,P0846,XPRSFLURSV10,0,,100,XPRSFLURSV100,Flu A NEGATIVE;Flu B NEGATIVE;RSV NEGATIVE,
FLU,Xpert Xpress Flu-RSV,P0846,XPRSFLURSV10,1,,80,XPRSFLURSV101,Flu A POSITIVE;Flu B POSITIVE;RSV POSITIVE,
FLU,Xpert Xpress Flu-RSV,P0846,XPRSFLURSV10,2,,20,XPRSFLURSV101,Flu A POSITIVE;Flu B POSITIVE;RSV POSITIVE,
FLU,Xpert Xpress Flu-RSV,P0846,XPRSFLURSV120,0,,100,XPRSFLURSV100,Flu A NEGATIVE;Flu B NEGATIVE;RSV NEGATIVE,
FLU,Xpert Xpress Flu-RSV,P0846,XPRSFLURSV120,1,,80,XPRSFLURSV101,Flu A POSITIVE;Flu B POSITIVE;RSV POSITIVE,
FLU,Xpert Xpress Flu-RSV,P0846,XPRSFLURSV120,2,,20,XPRSFLURSV101,Flu A POSITIVE;Flu B POSITIVE;RSV POSITIVE,
FLU,Xpert Xpress Flu-RSV,P0846,XPRSFLURSVCE10,0,,100,XPRSFLURSVCE100,Flu A NEGATIVE;Flu B NEGATIVE;RSV NEGATIVE,
FLU,Xpert Xpress Flu-RSV,P0846,XPRSFLURSVCE10,1,,80,XPRSFLURSVCE101,Flu A POSITIVE;Flu B POSITIVE;RSV POSITIVE,
FLU,Xpert Xpress Flu-RSV,P0846,XPRSFLURSVCE10,2,,20,XPRSFLURSVCE101,Flu A POSITIVE;Flu B POSITIVE;RSV POSITIVE,
FLU,Xpert Xpress Flu-RSV,P0846,XPRSFLURSVCE120,0,,100,XPRSFLURSVCE1200,Flu A NEGATIVE;Flu B NEGATIVE;RSV NEGATIVE,
FLU,Xpert Xpress Flu-RSV,P0846,XPRSFLURSVCE120,1,,80,XPRSFLURSVCE1201,Flu A POSITIVE;Flu B POSITIVE;RSV POSITIVE,
FLU,Xpert Xpress Flu-RSV,P0846,XPRSFLURSVCE120,2,,20,XPRSFLURSVCE1201,Flu A POSITIVE;Flu B POSITIVE;RSV POSITIVE,
FLU,Xpert Xpress Flu-RSV,P0846,XPRSFLURSVGB10,0,,100,XPRSFLURSVGB100,Flu A NEGATIVE;Flu B NEGATIVE;RSV NEGATIVE,
FLU,Xpert Xpress Flu-RSV,P0846,XPRSFLURSVGB10,1,,80,XPRSFLURSVGB101,Flu A POSITIVE;Flu B POSITIVE;RSV POSITIVE,
FLU,Xpert Xpress Flu-RSV,P0846,XPRSFLURSVGB10,2,,20,XPRSFLURSVGB101,Flu A POSITIVE;Flu B POSITIVE;RSV POSITIVE,
FLU,Xpert Xpress Flu-RSV,P0846,XPRSFLURSVCN10,0,,100,XPRSFLURSV100,Flu A NEGATIVE;Flu B NEGATIVE;RSV NEGATIVE,
FLU,Xpert Xpress Flu-RSV,P0846,XPRSFLURSVCN10,1,,80,XPRSFLURSV101,Flu A POSITIVE;Flu B POSITIVE;RSV POSITIVE,
FLU,Xpert Xpress Flu-RSV,P0846,XPRSFLURSVCN10,2,,20,XPRSFLURSV101,Flu A POSITIVE;Flu B POSITIVE;RSV POSITIVE,
FLU RSV,XP Flu-RSV RUO,P0703,RXPFLURSV10,0,,100,RXPFLURSV100,Flu A NEGATIVE;Flu B NEGATIVE;RSV NEGATIVE,
FLU RSV,XP Flu-RSV RUO,P0703,RXPFLURSV10,1,,80,RXPFLURSV101,Flu A POSITIVE;Flu B POSITIVE;RSV POSITIVE,
FLU RSV,XP Flu-RSV RUO,P0703,RXPFLURSV10,2,,20,RXPFLURSV101,Flu A POSITIVE;Flu B POSITIVE;RSV POSITIVE,
FLU RSV,Xpress Flu IPT_EAT off,P0700,XPRSFLU10,0,,100,XPRSFLU100,Flu A NEGATIVE;Flu B NEGATIVE,
FLU RSV,Xpress Flu IPT_EAT off,P0700,XPRSFLU10,1,,80,XPRSFLU100,Flu A POSITIVE;Flu B POSITIVE,
FLU RSV,Xpress Flu IPT_EAT off,P0700,XPRSFLU10,2,,20,XPRSFLU100,Flu A POSITIVE;Flu B POSITIVE,
FLU RSV,Xpress Flu IPT_EAT off,P0700,XPRSFLU120,0,,100,XPRSFLU100,Flu A NEGATIVE;Flu B NEGATIVE,
FLU RSV,Xpress Flu IPT_EAT off,P0700,XPRSFLU120,1,,80,XPRSFLU100,Flu A POSITIVE;Flu B POSITIVE,
FLU RSV,Xpress Flu IPT_EAT off,P0700,XPRSFLU120,2,,20,XPRSFLU100,Flu A POSITIVE;Flu B POSITIVE,
FLU RSV,Xpert Xpress Flu-RSV,P0846,XPRSFLURSV10,0,,100,XPRSFLURSV100,Flu A NEGATIVE;Flu B NEGATIVE;RSV NEGATIVE,
FLU RSV,Xpert Xpress Flu-RSV,P0846,XPRSFLURSV10,1,,80,XPRSFLURSV101,Flu A POSITIVE;Flu B POSITIVE;RSV POSITIVE,
FLU RSV,Xpert Xpress Flu-RSV,P0846,XPRSFLURSV10,2,,20,XPRSFLURSV101,Flu A POSITIVE;Flu B POSITIVE;RSV POSITIVE,
FLU RSV,Xpert Xpress Flu-RSV,P0846,XPRSFLURSV120,0,,100,XPRSFLURSV100,Flu A NEGATIVE;Flu B NEGATIVE;RSV NEGATIVE,
FLU RSV,Xpert Xpress Flu-RSV,P0846,XPRSFLURSV120,1,,80,XPRSFLURSV101,Flu A POSITIVE;Flu B POSITIVE;RSV POSITIVE,
FLU RSV,Xpert Xpress Flu-RSV,P0846,XPRSFLURSV120,2,,20,XPRSFLURSV101,Flu A POSITIVE;Flu B POSITIVE;RSV POSITIVE,
FLU RSV,Xpert Xpress Flu-RSV,P0846,XPRSFLURSVCE10,0,,100,XPRSFLURSVCE100,Flu A NEGATIVE;Flu B NEGATIVE;RSV NEGATIVE,
FLU RSV,Xpert Xpress Flu-RSV,P0846,XPRSFLURSVCE10,1,,80,XPRSFLURSVCE101,Flu A POSITIVE;Flu B POSITIVE;RSV POSITIVE,
FLU RSV,Xpert Xpress Flu-RSV,P0846,XPRSFLURSVCE10,2,,20,XPRSFLURSVCE101,Flu A POSITIVE;Flu B POSITIVE;RSV POSITIVE,
FLU RSV,Xpert Xpress Flu-RSV,P0846,XPRSFLURSVCE120,0,,100,XPRSFLURSVCE1200,Flu A NEGATIVE;Flu B NEGATIVE;RSV NEGATIVE,
FLU RSV,Xpert Xpress Flu-RSV,P0846,XPRSFLURSVCE120,1,,80,XPRSFLURSVCE1201,Flu A POSITIVE;Flu B POSITIVE;RSV POSITIVE,
FLU RSV,Xpert Xpress Flu-RSV,P0846,XPRSFLURSVCE120,2,,20,XPRSFLURSVCE1201,Flu A POSITIVE;Flu B POSITIVE;RSV POSITIVE,
FLU RSV,Xpert Xpress Flu-RSV,P0846,XPRSFLURSVGB10,0,,100,XPRSFLURSVGB100,Flu A NEGATIVE;Flu B NEGATIVE;RSV NEGATIVE,
FLU RSV,Xpert Xpress Flu-RSV,P0846,XPRSFLURSVGB10,1,,80,XPRSFLURSVGB101,Flu A POSITIVE;Flu B POSITIVE;RSV POSITIVE,
FLU RSV,Xpert Xpress Flu-RSV,P0846,XPRSFLURSVGB10,2,,20,XPRSFLURSVGB101,Flu A POSITIVE;Flu B POSITIVE;RSV POSITIVE,
FLU RSV,Xpert Xpress Flu-RSV,P0846,XPRSFLURSVCN10,0,,100,XPRSFLURSV100,Flu A NEGATIVE;Flu B NEGATIVE;RSV NEGATIVE,
FLU RSV,Xpert Xpress Flu-RSV,P0846,XPRSFLURSVCN10,1,,80,XPRSFLURSV101,Flu A POSITIVE;Flu B POSITIVE;RSV POSITIVE,
FLU RSV,Xpert Xpress Flu-RSV,P0846,XPRSFLURSVCN10,2,,20,XPRSFLURSV101,Flu A POSITIVE;Flu B POSITIVE;RSV POSITIVE,
